{
	"class_name" : "PinholeCameraParameters",
	"extrinsic" : 
	[
		0.62654821593934928,
		-0.5431925898644232,
		0.55890888650977733,
		0.0,
		-0.66861024958633386,
		-0.74311135146323282,
		0.027310318097524787,
		0.0,
		0.40049677558167551,
		-0.39080344118606236,
		-0.82877922458626641,
		0.0,
		-0.071345509390933357,
		-0.35405312817262335,
		0.11515819448723374,
		1.0
	],
	"intrinsic" : 
	{
		"height" : 1659,
		"intrinsic_matrix" : 
		[
			1436.7361448783838,
			0.0,
			0.0,
			0.0,
			1436.7361448783838,
			0.0,
			1488.0,
			829.0,
			1.0
		],
		"width" : 2977
	},
	"version_major" : 1,
	"version_minor" : 0
}